{
  "food": {
    "hunger": true,
    "saturation": "merged"
  },
  "jukebox": "fancy",
  "sign": "fancy",
  "entities": {
    "fish_bucket": {
      "enabled": true,
      "always_show_name": false,
      "spin": true
    },
    "spawn_egg": {
      "enabled": true,
      "always_show_name": false,
      "spin": true
    },
    "pufferfish_puff_state": 2,
    "armor_stand": {
      "enabled": true,
      "always_show_name": false,
      "spin": true
    },
    "bee": {
      "enabled": true,
      "always_show_name": false,
      "spin": true
    }
  },
  "filled_map": {
    "enabled": true,
    "show_player_icon": false
  },
  "armor": true,
  "banner_pattern": true,
  "containers": {
    "campfire": true,
    "storage": {
      "enabled": true,
      "compact": false,
      "loot_table": true
    },
    "shulker_box": {
      "enabled": true,
      "compact": false,
      "loot_table": true,
      "color": true
    }
  },
  "effects": {
    "spectral_arrow": true,
    "food": true,
    "hidden_motion": true,
    "potions": true,
    "tipped_arrows": true
  }
}